Entry #,Movie Title,Year,Cast and Crew,URL
1,The Ballad of Narayama,1958,"['Keisuke Kinoshita', 'Kinuyo Tanaka', 'Teiji Takahashi', 'Akira Kurosawa']",https://www.rogerebert.com/reviews/great-movie-the-ballad-of-narayama-1958
2,Monsieur Hire,1989,"['Patrice Leconte', 'Michel Blanc', 'Sandrine Bonnaire', 'Luc Thuillier', 'Georges Simenon', 'Jean Rochefort', 'Johnny Hallyday']",https://www.rogerebert.com/reviews/Monsieur-Hire
3,Veronika Voss,1982,"['Rainer Werner Fassbinder', 'Fred Astaire', 'Marlene Dietrich', 'Robert Krone', 'Armin Mueller-Stahl', 'Douglas Sirk']",https://www.rogerebert.com/reviews/great-movie-veronika-voss-1982
4,Spirit of the Beehive,1973,"['Boris Karloff', 'Ana Torrent', 'Victor Erice', 'Isabel Telleria', 'Charles Laughton', 'Luis Cuadrado', 'Carlos Saura']",https://www.rogerebert.com/reviews/great-movie-spirit-of-the-beehive-1973
5,Mulholland Drive,2001,"['David Lynch', 'Naomi Watts', 'Rita Hayworth']",https://www.rogerebert.com/reviews/great-movie-mulholland-dr-2001
6,The Life of Oharu,1952,"['Kenji Mizoguchi', 'Kinuyo Tanaka', 'Toshiro Mifune', 'Akira Kurosawa', 'Yasujiro Ozu']",https://www.rogerebert.com/reviews/great-movie-the-life-of-oharu-1952
7,Cleo from 5 to 7,1962,"['Agnes Varda', 'Jacques Demy', 'Corinne Marchand', 'Michel Legrand', 'Antoine Bourseiller', 'Pauline Kael']",https://www.rogerebert.com/reviews/great-movie-cleo-from-5-to-7-1962
8,Spirited Away,2002,[],https://www.rogerebert.com/reviews/great-movie-spirited-away-2002
9,The Pledge,2001,"['Sean Penn', 'Jack Nicholson', 'Patricia Clarkson', 'Del Toro', 'Aaron Eckhart', 'Harry Dean Stanton', 'Robin Wright', 'Helen Mirren', 'Vanessa Redgrave', 'Tom Noonan', ""Michael O'Keefe"", 'Mickey Rourke', 'Lois Smith', 'Sam Shepard', 'Chris Menges', 'David Morse', 'Viggo Mortensen', 'Anjelica Huston', 'Emile Hirsch', 'Vince Vaughn', 'Catherine Keener', 'Hal Holbrook', 'Marcia Gay Harden', 'William Hurt', 'Jena Malone', 'Kristen Stewart', 'Jon Krakauer']",https://www.rogerebert.com/reviews/great-movie-the-pledge-2001
10,French Cancan,1954,"['Jean Renoir', 'Jean Gabin', 'Ethel Merman']",https://www.rogerebert.com/reviews/great-movie-french-cancan-1954
11,La Collectionneuse,1967,"['Hayd√©e Politoff', 'Patrick Bauchau', 'Barbet Schroeder', 'Nestor Almendros']",https://www.rogerebert.com/reviews/great-movie-la-collectionneuse-1967
12,La Ceremonie,1995,"['Isabelle Huppert', 'Sandrine Bonnaire', 'Jacqueline Bisset', 'Jean-Pierre Cassel', 'Virginie Ledoyen']",https://www.rogerebert.com/reviews/great-movie-la-ceremonie-1995
13,Diary of a Lost Girl,1929,"['Vidal Sassoon', 'James Cagney', 'Fritz Rasp']",https://www.rogerebert.com/reviews/great-movie-diary-of-a-lost-girl-1929
14,Harakiri,1962,"['Rentaro Mikuni', 'Masaki Kobayashi', 'Yukio Mishima', 'Paul Schrader']",https://www.rogerebert.com/reviews/great-movie-harakiri-1962
15,Smiles of a Summer Night,1955,"['Harriet Andersson', 'Bibi Andersson', 'Liv Ullmann', 'Lena Endre', 'Ulla Jacobsson', 'Eva Dahlbeck', 'Gunnar Fischer', 'Sven Nykvist']",https://www.rogerebert.com/reviews/great-movie-smiles-of-a-summer-night-1955
16,"Ivan the Terrible, Parts I & II",d-ii,"['Walt Disney', 'Mel Brooks']",https://www.rogerebert.com/reviews/great-movie-ivan-the-terrible-parts-i-and-ii
17,The Killing,1956,"['Stanley Kubrick', 'Barry Lyndon', 'Sterling Hayden', 'Coleen Gray', 'Jay C. Flippen', 'Marie Windsor', 'Vince Edwards', 'Timothy Carey']",https://www.rogerebert.com/reviews/great-movie-the-killing-1956
18,The Man Who Shot Liberty Valance,1962,"['John Ford', 'John Wayne', 'James Stewart', 'Vera Miles', 'Woody Strode', 'Lee Marvin']",https://www.rogerebert.com/reviews/great-movie-the-man-who-shot-liberty-valance-1962
19,Contact,1997,"['Jodie Foster', 'Matthew McConaughey', 'Tom Skerritt', 'David Morse', 'Robert Zemeckis', 'Jake Busey']",https://www.rogerebert.com/reviews/great-movie-contact-1997
20,Departures,2009,"['Masahiro Motoki', 'Ryoko Hirosue', 'Yo Kimiko', 'Tsutomu Yamazaki']",https://www.rogerebert.com/reviews/great-movie-departures-2009
21,A Man Escaped,1956,"['Robert Bresson', 'Paul Schrader', 'Yasujiro Ozu']",https://www.rogerebert.com/reviews/great-movie-a-man-escaped-1956
22,Shadow of a Doubt,1943,"['Joseph Cotten', 'Teresa Wright', 'Henry Travers', 'Patricia Collinge', 'Hume Cronyn', 'Macdonald Carey']",https://www.rogerebert.com/reviews/great-movie-shadow-of-a-doubt-1943
23,Nosferatu the Vampyre,1979,"['Klaus Kinski', 'Bruno Ganz', 'Isabelle Adjani', 'Roland Topor', 'Tom Cruise', 'Max Schreck']",https://www.rogerebert.com/reviews/great-movie-nosferatu-the-vampyre-1979
24,The Match Factory Girl,1990,"['Kati Outinen', 'Robert Bresson']",https://www.rogerebert.com/reviews/great-movie-the-match-factory-girl-1990
25,Stagecoach,1939,"['John Wayne', 'John Ford', 'Marlene Dietrich', 'John Carradine', 'Thomas Mitchell', 'Orson Welles', 'Howard Hawks', 'Dean Martin']",https://www.rogerebert.com/reviews/great-movie-stagecoach-1939
26,Seven,1995,"['William Friedkin', 'Jonathan Demme', 'Andrew Kevin Walker', 'Brad Pitt', 'Gwyneth Paltrow']",https://www.rogerebert.com/reviews/great-movie-seven-1995
27,A.I. Artificial Intelligence,2001,"['Stanley Kubrick', 'Haley Joel Osment', 'Jude Law', ""Frances O'Connor"", 'Sam Robards', 'Jake Thomas', 'William Hurt']",https://www.rogerebert.com/reviews/great-movie-ai-artificial-intelligence-2001
28,Badlands,1973,"['Terrence Malick', 'Martin Sheen', 'Sissy Spacek', 'Warren Oates', 'Jessica Chastain']",https://www.rogerebert.com/reviews/great-movie-badlands-1973
29,An Autumn Afternoon,1962,"['Yasujiro Ozu', 'Shima Iwashita']",https://www.rogerebert.com/reviews/great-movie-an-autumn-afternoon-1962
30,Pale Flower,1964,"['Masahiro Shinoda', 'Toru Takemitsu', 'Alain Delon']",https://www.rogerebert.com/reviews/great-movie-pale-flower-1964
31,Heart of Glass,1976,['Neil Young'],https://www.rogerebert.com/reviews/great-movie-heart-of-glass-1976
32,Senso,1954,"['Alida Valli', 'Farley Granger', 'Ingrid Bergman', 'Marlon Brando', 'Roberto Rossellini', 'Luchino Visconti', 'Martin Scorsese']",https://www.rogerebert.com/reviews/great-movie-senso-1954
33,Diary of a Country Priest,1951,"['Roger Ebert', 'Robert Bresson']",https://www.rogerebert.com/reviews/great-movie-diary-of-a-country-priest-1951
34,Shoah,1985,[],https://www.rogerebert.com/reviews/great-movie-shoah-1985
35,Red Beard,1965,"['Toshiro Mifune', 'Yuzo Kayama', 'Tsutomu Yamazaki']",https://www.rogerebert.com/reviews/great-movie-red-beard-1965
36,Superman,1978,"['Christopher Reeve', 'Glenn Ford', 'Alexander Salkind', 'Marlon Brando', 'Gene Hackman', 'Ned Beatty', 'Valerie Perrine']",https://www.rogerebert.com/reviews/great-movie-superman-1978
37,The Circus,1928,"['Charlie Chaplin', 'Buster Keaton']",https://www.rogerebert.com/reviews/great-movie-the-circus-1928
38,Lost in Translation,2003,"['Sofia Coppola', 'John Belushi', 'Scarlett Johansson', 'Giovanni Ribisi', 'Anna Faris', 'Lance Acord', 'Sarah Flack']",https://www.rogerebert.com/reviews/great-movie-lost-in-translation-2003
39,Mystery Train,1989,"['Elvis Presley', ""Screamin' Jay Hawkins"", 'Charles Bukowski', 'Masatoshi Nagase', 'Youki Kudoh', 'Nicoletta Braschi', 'Tom Noonan', 'Elizabeth Bracco', 'Joe Strummer', 'Rick Aviles', 'Steve Buscemi', 'Cinque Lee', 'Tom Waits', 'John Lurie', 'Bill Murray', 'Johnny Depp', 'Robert Mitchum']",https://www.rogerebert.com/reviews/great-movie-mystery-train-1989
40,The Only Son,1936,"['Hiroshi Teshigahara', 'Yasujiro Ozu', 'Chishu Ryu']",https://www.rogerebert.com/reviews/great-movie-the-only-son-1936
41,Come and See,1985,[],https://www.rogerebert.com/reviews/great-movie-come-and-see-1985
42,Metropolis,1927,"['Fritz Lang', 'Brigitte Helm']",https://www.rogerebert.com/reviews/great-movie-metropolis-2010-restoration-1927
43,Viridiana,1961,"['Catherine Deneuve', 'Francisco Rabal', 'Silvia Pinal', 'Fernando Rey']",https://www.rogerebert.com/reviews/great-movie-viridiana-1961
44,The Big Lebowski,1998,"['Jeff Bridges', 'Julianne Moore', 'John Goodman', 'Steve Buscemi', 'Tara Reid', 'Raymond Chandler', 'The Coens', 'John Turturro', 'Peter Stormare', 'Philip Seymour Hoffman', 'David Huddleston', 'Sam Elliott']",https://www.rogerebert.com/reviews/great-movie-the-big-lebowski-1998
45,Pink Floyd: The Wall,1982,"['David Bowie', 'Alan Parker', 'Jenny Wright', 'Francois Truffaut']",https://www.rogerebert.com/reviews/great-movie-pink-floyd-the-wall-1982
46,Make Way for Tomorrow,1937,"['Beulah Bondi', 'Thomas Mitchell', 'Victor Moore']",https://www.rogerebert.com/reviews/make-way-for-tomorrow-1937
47,The Hairdresser's Husband,1990,"['Jean Rochefort', 'Anna Galiena', 'Maurice Chevit', 'Patrice Leconte', 'Ang Lee', 'Johnny Hallyday']",https://www.rogerebert.com/reviews/the-hairdressers-husband-1990
48,Cache,2005,"['Juliette Binoche', 'Daniel Auteuil', 'Lester Makedonsky', 'Maurice Benichou']",https://www.rogerebert.com/reviews/great-movie-cache-2005
49,Eternal Sunshine of the Spotless Mind,2004,"['Charlie Kaufman', 'Chuck Barris', 'Jim Carrey', 'Kate Winslet', 'Mark Ruffalo', 'Kirsten Dunst', 'Tom Wilkinson', 'Elijah Wood', 'John Cusack', 'Philip Seymour Hoffman']",https://www.rogerebert.com/reviews/eternal-sunshine-of-the-spotless-mind-2004-1
50,25th Hour,2002,"['Spike Lee', 'Rosario Dawson', 'Philip Seymour Hoffman', 'Barry Pepper', 'Brian Cox', 'Edward Norton', 'Anna Paquin', 'Rodrigo Prieto']",https://www.rogerebert.com/reviews/25th-hour-2002
51,The Red Shoes,1948,"['Michael Powell', 'David Niven', 'Deborah Kerr', 'Vaslav Nijinsky', 'Margot Fonteyn', 'Jack Cardiff', 'Emeric Pressburger', 'Anton Walbrook']",https://www.rogerebert.com/reviews/the-red-shoes-1948
52,Mon oncle d'Amerique,1980,['Nicole Garcia'],https://www.rogerebert.com/reviews/mon-oncle-damerique-1980
53,"Leon Morin, Priest",1961,"['Jean-Paul Belmondo', 'Emmanuelle Riva', 'Jean-Pierre Melville']",https://www.rogerebert.com/reviews/leon-morin-priest-1961
54,Richard III,1996,"['John Ford', 'Ian McKellen', 'Kristin Scott Thomas', 'Jim Broadbent']",https://www.rogerebert.com/reviews/richard-iii-1996-1
55,The Grey Zone,2001,"['Blake Nelson', 'Allan Corduner', 'Harvey Keitel', 'David Arquette', 'Daniel Benzali', 'Tim Blake', 'Michael Stuhlbarg', 'Steve Buscemi', 'Mira Sorvino', 'Natasha Lyonne', 'Tim Blake Nelson', 'Martha Plimpton', 'Kevin Anderson', 'Edward Norton']",https://www.rogerebert.com/reviews/great-movie-the-grey-zone-2001
56,Barry Lyndon,1975,"['Barry Lyndon', ""Ryan O'Neal"", 'Albert Finney', 'Tom Jones', 'Leonard Rossiter', 'Marisa Berenson', 'Lady Lyndon', 'Michael Hordern', 'John Alcott']",https://www.rogerebert.com/reviews/barry-lyndon-1975
57,"Spring, Summer, Fall, Winter... and Spring",2003,[],https://www.rogerebert.com/reviews/spring-summer-fall-winter_and-spring-2003
58,In a Lonely Place,1950,"['Gloria Grahame', 'Nicholas Ray', 'Lauren Bacall', 'Burnett Guffey', 'Lee Marvin']",https://www.rogerebert.com/reviews/in-a-lonely-place-1950
59,Souls For Sale,1923,"['Eleanor Boardman', 'Lew Cody', 'Richard Dix', 'Frank Mayo', 'Charles Chaplin', 'Barbara La Marr', 'Mae Busch', 'Rupert Hughes']",https://www.rogerebert.com/reviews/souls-for-sale-1923
60,Rio Bravo,1959,"['Howard Hawks', 'John Wayne', 'Angie Dickinson', 'Dean Martin', 'Walter Brennan', 'Jules Furthman', 'Leigh Brackett', 'John Carpenter', 'John Ford', 'Lauren Bacall', 'Katharine Hepburn', 'Carole Lombard', 'Rosalind Russell', 'Sherry Lansing', 'Peter Bogdanovich', 'Dimitri Tiomkin', 'John Russell']",https://www.rogerebert.com/reviews/rio-bravo-1959
61,Man With a Movie Camera,1929,"['John Wayne', 'Boris Kaufman', 'Neil Young', 'John Ford', 'Michael Nyman', 'Luis Bunuel']",https://www.rogerebert.com/reviews/great-movie-man-with-a-movie-camera-1929
62,Tender Mercies,1983,"['Robert Duvall', 'Tess Harper', 'Bruce Beresford', 'Horton Foote', 'Betty Buckley', 'Ellen Barkin', 'Wilford Brimley', 'Russell Boyd']",https://www.rogerebert.com/reviews/great-movie-tender-mercies-1983
63,The Cabinet of Dr. Caligari,1920,"['Robert Wiene', 'Werner Krauss', 'Conrad Veidt']",https://www.rogerebert.com/reviews/great-movie-the-cabinet-of-dr-caligari-1920
64,The Thief of Bagdad,1940,"['Miklos Rozsa', 'Alexander Korda', 'Conrad Veidt', 'June Duprez', 'Rex Ingram', 'William Cameron Menzies', 'Michael Powell']",https://www.rogerebert.com/reviews/the-thief-of-bagdad-1940
65,Chop Shop,2008,"['Ahmad Razvi', 'Rob Sowulski', 'Alejandro Polanco', 'Isamar Gonzales', 'Sven Nykvist', 'Ramin Bahrani', 'Souleymane Sy Savane', 'Red West', 'Elvis Presley']",https://www.rogerebert.com/reviews/chop-shop-2008-1
66,La Belle Noiseuse,1991,"['Jacques Rivette', 'Michel Piccoli', 'Jane Birkin']",https://www.rogerebert.com/reviews/la-belle-noiseuse-1991
67,Withnail and I,1987,"['Bruce Robinson', 'Richard E. Grant', 'Richard Griffiths', 'Paul McGann', 'Franco Zeffirelli', 'Ralph Brown']",https://www.rogerebert.com/reviews/withnail-and-i-1987
68,Exotica,1994,"['Atom Egoyan', 'Bruce Greenwood', 'Mia Kirshner', 'Elias Koteas', 'Sarah Polley', 'Kevin Bacon', 'Colin Firth', 'Dean Martin', 'Jerry Lewis', 'Arsinee Khanjian', 'Ingrid Bergman']",https://www.rogerebert.com/reviews/exotica-1994
69,The Double Life of Veronique,1991,"['Krzysztof Kieslowski', 'Irene Jacob', 'Philippe Volter', 'Slawomir Idziak', 'Krzysztof Piesiewicz']",https://www.rogerebert.com/reviews/the-double-life-of-veronique-1991-1
70,Waking Life,2001,"['Richard Linklater', 'Julie Delpy', 'Ethan Hawke', 'Billy Bob Thornton', 'Eric Bogosian', 'Uma Thurman', 'Robert Sean Leonard']",https://www.rogerebert.com/reviews/waking-life-2001-1
71,Secrets and Lies,1996,"['Mike Leigh', 'Marianne Jean-Baptiste', 'Timothy Spall', 'Phyllis Logan', 'Lee Ross']",https://www.rogerebert.com/reviews/secrets-and-lies-1996-1
72,After Hours,1985,"['Buster Keaton', 'Martin Scorsese', 'Amy Robinson', 'Griffin Dunne', 'Joseph Minion', 'Dusan Makavejev', 'Michael Ballhaus', 'Linda Fiorentino', 'Rosanna Arquette', 'Verna Bloom', 'Michael Powell', 'Thelma Schoonmaker']",https://www.rogerebert.com/reviews/after-hours-1985-1
73,Mon Oncle Antoine,1971,[],https://www.rogerebert.com/reviews/great-movie-mon-oncle-antoine-1971
74,The Silence,1963,"['Ingrid Thulin', 'Gunnel Lindblom', 'Sven Nykvist', 'Jacques Tati']",https://www.rogerebert.com/reviews/the-silence-1963
75,Magnolia,1999,"['Paul Thomas Anderson', 'William H. Macy', 'Jeremy Blackman', 'Philip Baker Hall', 'Melora Walters', 'John C. Reilly', 'Jason Robards', 'Tom Cruise', 'Philip Seymour Hoffman', 'Julianne Moore', 'Ricky Jay']",https://www.rogerebert.com/reviews/great-movie-magnolia-1999
76,A Prairie Home Companion,2006,"['Virginia Madsen', 'Garrison Keillor', 'Lindsay Lohan', 'Meryl Streep', 'Lily Tomlin', 'John C. Reilly', 'Woody Harrelson', 'Maya Rudolph', 'Kevin Kline', 'Tommy Lee Jones']",https://www.rogerebert.com/reviews/a-prairie-home-companion-2006-1
77,The Last Temptation of Christ,1988,"['Martin Scorsese', 'Peter Gabriel', 'Paul Schrader', 'Willem Dafoe', 'Michael Ballhaus', 'Harvey Keitel']",https://www.rogerebert.com/reviews/the-last-temptation-of-christ-1988
78,Baraka,1992,"['Ron Fricke', 'In French']",https://www.rogerebert.com/reviews/great-movie-baraka-1992
79,"The Godfather, Part II",1974,"['Nino Rota', 'Francis Ford Coppola', 'Al Pacino', 'Tony Montana', 'Brian DePalma', 'Robert De Niro', 'Gordon Willis', 'Diane Keaton', 'Lee Strasberg', 'Talia Shire', 'Michael V. Gazzo', 'Mario Puzo', 'James Caan', 'Morgana King', 'Robert Harris']",https://www.rogerebert.com/reviews/great-movie-the-godfather-part-ii-1974
80,Adaptation,2002,"['Charlie Kaufman', 'Spike Jonze', 'Nicolas Cage', 'Brian Cox', 'Meryl Streep', 'Chris Cooper', 'Tilda Swinton', 'Donald Kaufman']",https://www.rogerebert.com/reviews/great-movie-adaptation-2002
81,L.A. Confidential,1997,"['Curtis Hanson', 'Danny DeVito', 'Kevin Spacey', 'Russell Crowe', 'Guy Pearce', 'Mickey Cohen', 'David Strathairn', 'James Cromwell', 'James Ellroy', 'Brian Helgeland', 'Kim Basinger']",https://www.rogerebert.com/reviews/great-movie-la-confidential-1997
82,Mephisto,1981,"['Klaus ', 'Maria Brandauer', 'Istvan Szabo', 'Karin Boyd', 'Rolf Hoppe', 'Klaus Mann', 'Gustaf Grundgens']",https://www.rogerebert.com/reviews/great-movie-mephisto-1981
83,Dog Day Afternoon,1975,"['Sidney Lumet', 'Dede Allen', 'Al Pacino', 'John Cazale', 'Judith Malina', 'Chris Sarandon', 'Charles Durning', 'James Broderick']",https://www.rogerebert.com/reviews/great-movie-dog-day-afternoon-1975
84,Through a Glass Darkly,1961,"['Ingmar Bergman', 'Harriet Andersson', 'Sven Nykvist', 'Lars Passgard', 'Gunnar Bjornstrand']",https://www.rogerebert.com/reviews/great-movie-through-a-glass-darkly-1961
85,Cool Hand Luke,1967,"['Brad Pitt', 'Tom Cruise', 'Paul Newman', 'Strother Martin', 'Morgan Woodward', 'George Kennedy', 'Stuart Rosenberg', 'Conrad Hall', 'Robert Drivas', 'Dennis Hopper', 'Warren Beatty', 'Steve McQueen', 'Lee Marvin', 'Jo Van Fleet']",https://www.rogerebert.com/reviews/great-movie-cool-hand-luke-1967
86,Triumph of the Will,1935,"['Leni Riefenstahl', 'Michael Wadleigh', 'Bruno Ganz']",https://www.rogerebert.com/reviews/great-movie-triumph-of-the-will-1935
87,Rocco and His Brothers,1960,"['Luchino Visconti', 'Renato Salvatori', 'Alain Delon', 'Spiros Focas', 'Claudia Cardinale', 'Annie Girardot', 'Harvey Keitel', 'Robert De Niro']",https://www.rogerebert.com/reviews/great-movie-rocco-and-his-brothers-1960
88,My Man Godfrey,1936,"['Carole Lombard', 'William Powell', 'Alice Brady', 'Mischa Auer', 'Gail Patrick', 'Jean Dixon']",https://www.rogerebert.com/reviews/great-movie-my-man-godfrey-1936
89,Johnny Guitar,1954,"['Nicholas Ray', 'Sterling Hayden', 'Mercedes McCambridge', 'Scott Brady', 'Bette Davis', 'Francois Truffaut', 'Marlene Dietrich', 'Ward Bond', 'Ernest Borgnine', 'Ben Maddow', 'Shirley Knight']",https://www.rogerebert.com/reviews/johnny-guitar-1954
90,Ordet,1955,['Carl Theodor Dreyer'],https://www.rogerebert.com/reviews/great-movie-ordet-1955
91,What Ever Happened to Baby Jane?,1962,"['Robert Aldrich', 'Bette Davis', 'Maidie Norman', 'Victor Buono', 'Julia Roberts', 'Cate Blanchett', 'Lillian Gish', 'Lindsay Anderson', 'Burt Lancaster', 'Henry Farrell', 'Jodie Foster', 'Charles Busch']",https://www.rogerebert.com/reviews/great-movie-what-ever-happened-to-baby-jane-1962
92,Vengeance is Mine,2008,"['Ken Ogata', 'Shohei Imamura']",https://www.rogerebert.com/reviews/vengeance-is-mine-2008
93,Diva,2008,"['Jean-Jacques Beineix', 'Frederic Andrei', 'Wilhelmenia Wiggins Fernandez', 'Thuy An Luu', 'Richard Bohringer', 'Luc Besson', 'Philippe Rousselot', 'Dominique Pinon', 'Daniel Odier']",https://www.rogerebert.com/reviews/diva-2008
94,The Best Years of Our Lives,1946,"['Fredric March', 'Myrna Loy', 'Teresa Wright', 'Gregg Toland']",https://www.rogerebert.com/reviews/the-best-years-of-our-lives-1946
95,Mishima: A Life in Four Chapters,1985,"['Yukio Mishima', 'Ken Ogata', 'Norman Mailer', 'Gore Vidal', 'John Bailey', 'Philip Glass', 'Francis Coppola', 'George Lucas']",https://www.rogerebert.com/reviews/great-movie-mishima-a-life-in-four-chapters-1985
96,Winter Light,1962,"['Ingmar Bergman', 'Sven Nykvist', 'Gunnar Bjornstrand', 'Ingrid Thulin', 'Allan Edwall', 'Gunnel Lindblom', 'Liv Ullmann']",https://www.rogerebert.com/reviews/great-movie-winter-light-1962
97,The Enigma of Kaspar Hauser,1974,"['Christian Bale', 'Jouko Ahola', 'Klaus Kinski']",https://www.rogerebert.com/reviews/the-enigma-of-kaspar-hauser-1974
98,Blade Runner: The Final Cut,1982,"['Harrison Ford', 'Ridley Scott', 'Philip K. Dick', 'Sean Young']",https://www.rogerebert.com/reviews/great-movie-blade-runner-the-final-cut-1982
99,Sansho the Bailiff,1954,['Kenji Mizoguchi'],https://www.rogerebert.com/reviews/great-movie-sansho-the-bailiff-1954
100,El Topo,1970,"['John Lennon', 'Allen Klein', 'Fernando Arrabal']",https://www.rogerebert.com/reviews/great-movie-el-topo-1970
101,The Great Dictator,1940,"['Charlie Chaplin', 'Ernst Lubitsch', 'Paulette Goddard', 'Jack Oakie']",https://www.rogerebert.com/reviews/great-movie-the-great-dictator-1940
102,Babel,2006,"['Alejandro Gonzalez Inarritu', 'Cate Blanchett', 'Brad Pitt', 'Adriana Barraza', 'Gael Garcia', 'Del Toro', 'Alfonso Cuaron']",https://www.rogerebert.com/reviews/babel-2006
103,Werckmeister Harmonies,2000,"['Bela Tarr', 'Jim Jarmusch', 'Hanna Schygulla', 'Peter Fitz', 'Frederick Wiseman']",https://www.rogerebert.com/reviews/werckmeister-harmonies-2000
104,Pan's Labyrinth,2006,"['Sergi Lopez', 'Ariadna Gil', 'Ivana Baquero', 'Maribel Verdu', 'Del Toro', 'Doug Jones', 'Alfonso Cuaron', 'Alejandro Gonzalez Inarritu', 'Ethan Hawke', 'Gwyneth Paltrow', 'Anne Bancroft']",https://www.rogerebert.com/reviews/great-movie-pans-labyrinth-2006
105,Ace in the Hole,1951,"['Kirk Douglas', 'Richard Benedict', 'Charles Lang']",https://www.rogerebert.com/reviews/great-movie-ace-in-the-hole-1951
106,Killer of Sheep,1977,"['Charles Burnett', 'Henry Gayle Sanders', 'Kaycee Moore', 'David Gordon Green', 'Oprah Winfrey', 'Halle Berry']",https://www.rogerebert.com/reviews/great-movie-killer-of-sheep-1977
107,WR: Mysteries of the Organism,1971,"['Andrei Tarkovsky', 'Guy Maddin', 'Russ Meyer', 'Alejandro Jodorowsky', 'Susan Anspach', 'Eric Roberts', 'Jackie Curtis', 'Tuli Kupferberg', 'Milena Dravic', 'Ivica Vidovic', 'Greta Scacchi']",https://www.rogerebert.com/reviews/great-movie-wr-mysteries-of-the-organism-1971
108,Moolaade,2007,"['Ousmane Sembene', 'Fatoumata Coulibaly']",https://www.rogerebert.com/reviews/great-movie-moolaade-2007
109,Cabiria,1914,"['Martin Scorsese', 'Cecil B. DeMille', 'Paul Auster', 'Buster Keaton']",https://www.rogerebert.com/reviews/great-movie-cabiria-1914
110,The Shining,1980,"['Jack Nicholson', 'Shelley Duvall', 'Scatman Crothers']",https://www.rogerebert.com/reviews/great-movie-the-shining-1980
111,Chimes at Midnight,1965,"['Orson Welles', 'Keith Baxter', 'Joseph Cotten', 'Mel Gibson', 'Margaret Rutherford', 'Jeanne Moreau', 'Fernando Rey', 'Norman Rodway']",https://www.rogerebert.com/reviews/great-movie-chimes-at-midnight-1965
112,Army of Shadows,1969,"['Alain Delon', 'Paul Meurisse', 'Lino Ventura', 'Simone Signoret', 'Jean-Pierre Cassel', 'Claude Mann', 'Paul Crauchet', 'Joseph Kessel']",https://www.rogerebert.com/reviews/great-movie-army-of-shadows-1969
113,Au revoir les enfants,1987,"['Louis Malle', 'Gaspard Manesse', 'Raphael Fejto', 'Irene Jacob', 'Jeanne Moreau', 'Candice Bergen']",https://www.rogerebert.com/reviews/great-movie-au-revoir-les-enfants-1987
114,The Long Goodbye,1973,"['Robert Altman', 'Raymond Chandler', 'Leigh Brackett', 'William Faulkner', 'Nina Van Pallandt', 'Sterling Hayden', 'Elliott Gould', 'Mark Rydell', 'Humphrey Bogart', 'James Caan', 'James Garner', 'Robert Mitchum', 'Vilmos Zsigmond', 'Dave Grusin', 'Martin Scorsese']",https://www.rogerebert.com/reviews/great-movie-the-long-goodbye-1973
115,Ripley's Game,2002,"['Patricia Highsmith', 'Liliana Cavani', 'Alain Delon', 'Dennis Hopper', 'Matt Damon', 'John Malkovich', 'Barry Pepper', 'Chiara Caselli', 'Charlotte Rampling', 'Dirk Bogarde', 'Dougray Scott', 'Ray Winstone', 'Lena Headey']",https://www.rogerebert.com/reviews/great-movie-ripleys-game-2002
116,Night Moves,1975,"['Gene Hackman', 'Janet Ward', 'Susan Clark', 'Harris Yulin', 'James Woods', 'Anthony Costello', 'Melanie Griffith', 'Jennifer Warren', 'Alan Sharp']",https://www.rogerebert.com/reviews/great-movie-night-moves-1975
117,Cat People,1942,"['Jacques Tourneur', 'Oliver Reed', 'Kent Smith', 'DeWitt Bodeen', 'Jane Randolph', 'Tom Conway', 'Vincent Price', 'David O. Selznick', 'Mark Robson', 'Robert Wise', 'Bertrand Tavernier', 'Paul Schrader']",https://www.rogerebert.com/reviews/great-movie-cat-people-1942
118,Samurai Rebellion,1967,"['Toshiro Mifune', 'Tatsuya Nakadai', 'Masaki Kobayashi', 'Yoko Tsukasa', 'Go Kato']",https://www.rogerebert.com/reviews/great-movie-samurai-rebellion-1967
119,The River (Le Fleuve),1951,"['Jean Renoir', 'Rumer Godden', 'Patricia Walters', 'Thomas E. Breen', 'Arthur Shields', 'Adrienne Corri', 'Martin Scorsese', 'Claude Renoir', 'Satyajit Ray']",https://www.rogerebert.com/reviews/great-movie-the-river-le-fleuve-1951
120,Inherit the Wind,1960,"['Stanley Kramer', 'Spencer Tracy', 'Matthew Harrison', 'Fredric March', 'Gene Kelly', 'Harry Morgan', 'Claude Akins']",https://www.rogerebert.com/reviews/great-movie-inherit-the-wind-1960
121,My Fair Lady,1964,"['Alan Jay Lerner', 'Rex Harrison', 'Audrey Hepburn', 'Julie Andrews', 'Jack L. Warner', 'Elizabeth Taylor', 'Deborah Kerr', 'Natalie Wood', 'Robert Harris', 'Gladys Cooper', 'Harry Stradling', 'Wilfred Hyde-White', 'Stanley Holloway']",https://www.rogerebert.com/reviews/great-movie-my-fair-lady-1964
122,Forbidden Games,1952,"['Brigitte Fossey', 'Georges Poujouly', 'Rene Clement', 'Jacques Tati']",https://www.rogerebert.com/reviews/great-movie-forbidden-games-1952
123,Atlantic City,1980,"['Elaine May', 'Jackie Gayle', 'Harold Ramis', 'Louis Malle', 'Susan Sarandon', 'Burt Lancaster', 'Kate Reid', 'Michel Piccoli', 'Al Waxman', 'Jean-Pierre', 'Jean Gabin', 'Candice Bergen']",https://www.rogerebert.com/reviews/great-movie-atlantic-city-1980
124,Crumb,1994,['Terry Zwigoff'],https://www.rogerebert.com/reviews/great-movie-crumb-1994
125,Dark City,2005,"['Alex Proyas', 'Rufus Sewell', 'Kiefer Sutherland', 'William Hurt', 'Jennifer Connelly', 'Fritz Lang', 'David S. Goyer', 'Lem Dobbs']",https://www.rogerebert.com/reviews/great-movie-dark-city-2005
126,Top Hat,1935,"['Fred Astaire', 'Ginger Rogers', 'Edward Everett Horton', 'Cole Porter', 'Lucille Ball', 'Helen Broderick', 'Broderick Crawford', 'Eric Blore', 'Cyd Charisse', 'The Band']",https://www.rogerebert.com/reviews/great-movie-top-hat-1935
127,The Dead,1987,"['John Huston', 'Donal McCann', 'Anjelica Huston', 'Donal Donnelly', 'Frank Patterson', ""Dan O'Herlihy"", 'Cathleen Delany']",https://www.rogerebert.com/reviews/great-movie-the-dead-1987
128,Nanook of the North,1922,['Frank Hurley'],https://www.rogerebert.com/reviews/great-movie-nanook-of-the-north-1922
129,Crimes and Misdemeanors,1989,"['Woody Allen', 'Martin Landau', 'Anjelica Huston', 'Claire Bloom', 'Jerry Orbach', 'Joanna Gleason', 'Sam Waterston', 'Alan Alda', 'Mia Farrow']",https://www.rogerebert.com/reviews/great-movie-crimes-and-misdemeanors-1989
130,Fitzcarraldo,1982,"['Werner Herzog', 'Klaus Kinski', 'Claudia Cardinale', 'Jason Robards', 'Mick Jagger']",https://www.rogerebert.com/reviews/great-movie-fitzcarraldo-1982
131,The Age of Innocence,1993,"['Martin Scorsese', 'Edith Wharton', 'Joanne Woodward', 'Winona Ryder', 'Michelle Pfeiffer', 'Jay Cocks', 'Michael Ballhaus', 'Henry James']",https://www.rogerebert.com/reviews/great-movie-the-age-of-innocence-1993
132,Leolo,1993,"['Jean-Claude Lauzon', 'Norman Jewison', 'Gene Hackman', 'Jamie Lee Curtis', 'Maxime Collin', 'Ginette Reno', 'Julien Guiomar', 'Tom Waits', 'Francois Truffaut']",https://www.rogerebert.com/reviews/great-movie-leolo-1993
133,The Terrorist,2000,"['Santosh Sivan', 'Ayesha Dharker', 'David Walsh']",https://www.rogerebert.com/reviews/great-movie-the-terrorist-2000
134,Safety Last,1923,"['Charlie Chaplin', 'Buster Keaton']",https://www.rogerebert.com/reviews/great-movie-safety-last-1923
135,Rebel Without a Cause,1955,"['Jim Stark', 'Marlon Brando', 'Elvis Presley', 'Natalie Wood', 'Nicholas Ray', 'Todd Solondz']",https://www.rogerebert.com/reviews/great-movie-rebel-without-a-cause-1955
136,Howards End,1992,"['James Ivory', 'Ismail Merchant', 'Henry James', 'Emma Thompson', 'Anthony Hopkins', 'Ruth Prawer Jhabvala', 'Alan Parker', 'Vanessa Redgrave', 'Samuel West', 'James Wilby']",https://www.rogerebert.com/reviews/great-movie-howards-end-1992
137,Woodstock,1970,"['Abbie Hoffman', 'Michael Wadleigh', 'Martin Scorsese', 'Thelma Schoonmaker', 'Joan Baez', 'Bill Graham']",https://www.rogerebert.com/reviews/great-movie-woodstock-1970
138,Faust,1926,"['Emil Jannings', 'John Malkovich', 'Max Schreck', 'Willem Dafoe']",https://www.rogerebert.com/reviews/great-movie-faust-1926
139,The Marriage of Maria Braun,1979,"['Rainer Werner Fassbinder', 'Hanna Schygulla', 'Michael Ballhaus', 'Douglas Sirk', 'Klaus Lowitsch', 'Gisela Uhlen', 'Ivan Desny', 'Martin Scorsese', 'Elisabeth Trissenaar', 'Gottfried John']",https://www.rogerebert.com/reviews/great-movie-the-marriage-of-maria-braun-1979
140,Yojimbo,1961,"['Toshiro Mifune', 'Clint Eastwood', 'Tatsuya Nakadai', 'Kazuo Miyagawa']",https://www.rogerebert.com/reviews/great-movie-yojimbo-1961
141,The Band Wagon,1953,"['The Band', 'Fred Astaire', 'Betty Comden', 'Adolph Green', 'Gene Kelly', 'Stanley Donen', 'Judy Garland', 'Cyd Charisse', 'Oscar Levant', 'Jose Ferrer', 'Orson Welles', 'Arthur Freed', 'Liza Minnelli']",https://www.rogerebert.com/reviews/great-movie-the-band-wagon-1953
142,"After Dark, My Sweet",1990,"['Jim Thompson', 'Jason Patric', 'Rachel Ward', 'Bruce Dern', 'George Dickerson', 'James Foley', 'Sean Penn', 'Christopher Walken', 'Jack Lemmon', 'Al Pacino', 'Alec Baldwin', 'Dustin Hoffman']",https://www.rogerebert.com/reviews/great-movie-after-dark-my-sweet-1990
143,Paths of Glory,1957,"['Stanley Kubrick', 'Kirk Douglas', 'Samuel Fuller']",https://www.rogerebert.com/reviews/great-movie-paths-of-glory-1957
144,Late Spring,1972,"['Yasujiro Ozu', 'Setsuko Hara', 'Chishu Ryu', 'Haruko Sugimura', 'Jane Austen']",https://www.rogerebert.com/reviews/great-movie-late-spring-1972
145,Groundhog Day,1993,"['Bill Murray', 'Harold Ramis', 'Andie MacDowell', 'Chris Elliott']",https://www.rogerebert.com/reviews/great-movie-groundhog-day-1993
146,The Scarlet Empress,1934,"['Mel Brooks', 'Orson Welles', 'Sam Jaffe', 'Marlene Dietrich']",https://www.rogerebert.com/reviews/great-movie-the-scarlet-empress-1934
147,The Phantom of the Opera,1925,"['Andrew Lloyd Webber', 'Carl Davis']",https://www.rogerebert.com/reviews/great-movie-the-phantom-of-the-opera-1925
148,Fanny and Alexander,1983,"['Sven Nykvist', 'Gunn Wallgren', 'Ingrid Bergman', 'Ewa Froling', 'Jan Malmsjo']",https://www.rogerebert.com/reviews/great-movie-fanny-and-alexander-1983
149,The Big Red One,1980,"['Lee Marvin', 'John Wayne', 'Robert Carradine', 'Mark Hamill', 'Steven Spielberg']",https://www.rogerebert.com/reviews/great-movie-the-big-red-one-1980
150,A Woman's Tale,1992,"['Sheila Florance', 'Paul Cox', 'Gosia Dobrowolska', 'Norman Kaye', 'Chris Haywood', 'Vaslav Nijinsky']",https://www.rogerebert.com/reviews/great-movie-a-womans-tale-1992
151,Easy Rider,1969,"['Peter Fonda', 'Dennis Hopper', 'Phil Spector', 'Terry Southern', 'Richard Rush', 'Laszlo Kovacs', 'Jack Nicholson', 'Karen Black', 'Marlon Brando']",https://www.rogerebert.com/reviews/great-movie-easy-rider-1969
152,The Battle of Algiers,1967,"['George W. Bush', 'John Kerry', 'Gillo Pontecorvo', 'Jimmy Breslin', 'Ennio Morricone', 'Jean Martin', 'Oliver Stone', 'Mira Nair', 'Steven Soderbergh', 'Spike Lee']",https://www.rogerebert.com/reviews/great-movie-the-battle-of-algiers-1967
153,3 Women,1977,"['Shelley Duvall', 'Sissy Spacek', 'Janice Rule', 'Robert Fortier', 'John Cromwell', 'Ruth Nelson']",https://www.rogerebert.com/reviews/great-movie-3-women-1977
154,Pixote,1981,"['Marilia Pera', 'Jack Nicholson']",https://www.rogerebert.com/reviews/great-movie-pixote-1981
155,Playtime,1967,"['Tom Hanks', 'Terry Jones']",https://www.rogerebert.com/reviews/great-movie-playtime-1967
156,Last Tango in Paris,1972,"['Marlon Brando', 'Bernardo Bertolucci', 'Maria Schneider', 'Jean-Pierre Leaud']",https://www.rogerebert.com/reviews/great-movie-last-tango-in-paris-1972
157,El Norte,1983,"['Gregory Nava', 'Anna Thomas', 'David Villalpando', 'Zaide Silvia Gutierrez', 'Ernesto ', 'Gomez Cruz', 'Alicia del Lago', 'Lupe Ontiveros', 'Jennifer Lopez', 'Trinidad Silva']",https://www.rogerebert.com/reviews/great-movie-el-norte-1983
158,Out of the Past,1947,"['Robert Mitchum', 'Kirk Douglas', 'Jane Greer', 'Jacques Tourneur']",https://www.rogerebert.com/reviews/great-movie-out-of-the-past-1947
159,The Last Picture Show,1971,"['Peter Bogdanovich', 'Ben Johnson', 'Timothy Bottoms', 'Jeff Bridges', 'Larry McMurtry', 'Cybill Shepherd', 'Robert Surtees', 'John Hillerman', 'Cloris Leachman', 'Randy Quaid', 'Ellen Burstyn', 'John Ford', 'Eileen Brennan', 'Sam Bottoms']",https://www.rogerebert.com/reviews/great-movie-the-last-picture-show-1971
160,Jules and Jim,1961,"['Henri-Pierre Roche', 'Henri Serre', 'Jeanne Moreau', 'Oskar Werner', 'Marie Dubois']",https://www.rogerebert.com/reviews/great-movie-jules-and-jim-1961
161,The Big Heat,1953,"['Glenn Ford', 'Alexander Scourby', 'Jocelyn Brando', 'Gloria Grahame', 'Lee Marvin', 'Nicholas Ray']",https://www.rogerebert.com/reviews/great-movie-the-big-heat-1953
162,Victim,1961,"['Dirk Bogarde', 'Peter McEnery', 'Sylvia Syms']",https://www.rogerebert.com/reviews/great-movie-victim-1961
163,Ugetsu,1953,"['Masayuki Mori', 'Kinuyo Tanaka', 'Machiko Kyo', 'Yasujiro Ozu']",https://www.rogerebert.com/reviews/great-movie-ugetsu-1953
164,Leaving Las Vegas,1995,"['Mike Figgis', 'Nicolas Cage', 'Julian Sands', 'Susan Sarandon', 'Halle Berry', 'Charlize Theron', ""John O'Brien""]",https://www.rogerebert.com/reviews/great-movie-leaving-las-vegas-1995
165,Sunrise,1928,"['Charles Rosher', 'Peter Bogdanovich', ""George O'Brien"", 'Janet Gaynor', 'John Bailey']",https://www.rogerebert.com/reviews/great-movie-sunrise-1928
166,The Color Purple,1985,"['Whoopi Goldberg', 'Danny Glover', 'Akosua Busia', 'Willard Pugh', 'Oprah Winfrey', 'Margaret Avery', 'Adolph Caesar']",https://www.rogerebert.com/reviews/great-movie-the-color-purple-1985
167,Au Hasard Balthazar,1966,"['Robert Bresson', 'Anne Wiazemsky', 'Walter Green', 'Philippe Asselin', 'Nathalie Joyaut', 'Jean-Claude Guilbert']",https://www.rogerebert.com/reviews/great-movie-au-hasard-balthazar-1966
168,The Gospel According to St. Matthew,1964,"['Pier Paolo Pasolini', 'Mel Gibson']",https://www.rogerebert.com/reviews/great-movie-gospel-according-to-st-matthew-1964
169,The Rules of the Game,1939,"['Robert Altman', 'Marcel Dalio', 'Paulette Dubost', 'Wim Wenders']",https://www.rogerebert.com/reviews/great-movie-the-rules-of-the-game-1939
170,West Side Story,1961,"['Stephen Sondheim', 'Rita Moreno', 'Natalie Wood', 'Walter Mirisch', 'Robert Wise', 'Franco Zeffirelli']",https://www.rogerebert.com/reviews/great-movie-west-side-story-1961
171,Touchez Pas au Grisbi,1954,"['Jean Gabin', 'Dora Doll', 'Jeanne Moreau', 'Lino Ventura', 'Francois Truffaut', 'Simone Signoret']",https://www.rogerebert.com/reviews/great-movie-touchez-pas-au-grisbi-1954
172,The Man Who Laughs,1928,"['Victor Hugo', 'Conrad Veidt', 'Peter Bogdanovich']",https://www.rogerebert.com/reviews/great-movie-the-man-who-laughs-1928
173,Amarcord,1974,"['Federico Fellini', 'Russ Meyer', 'Ingmar Bergman', 'De Sica', 'Magali Noel', 'Pupella Maggio', 'Sandra Milo', 'Nino Rota']",https://www.rogerebert.com/reviews/great-movie-amarcord-1974
174,Strangers on a Train,1951,"['Farley Granger', 'Robert Walker', 'William Holden', 'Francois Truffaut']",https://www.rogerebert.com/reviews/great-movie-strangers-on-a-train-1951
175,Taxi Driver,1976,"['Bernard Herrmann', 'John Wayne', 'Natalie Wood', 'Jodie Foster', 'Harvey Keitel', 'Cybill Shepherd', 'Michael Chapman']",https://www.rogerebert.com/reviews/great-movie-taxi-driver-1976
176,Mean Streets,1973,"['Martin Scorsese', 'Harvey Keitel', 'Amy Robinson', 'Cesare Danova', 'Robert De Niro', 'Francis Ford Coppola']",https://www.rogerebert.com/reviews/great-movie-mean-streets-1973
177,The Manchurian Candidate,1962,"['Frank Sinatra', 'John Frankenheimer', 'United Artists', 'George Axelrod', 'Richard Condon', 'Angela Lansbury', 'Laurence Harvey', 'James Gregory', 'Janet Leigh']",https://www.rogerebert.com/reviews/great-movie-the-manchurian-candidate-1962
178,Le Boucher,2003,"['Jean Yanne', 'Stephane Audran', 'Isabelle Huppert']",https://www.rogerebert.com/reviews/great-movie-le-boucher--the-butcher-2003
179,Alien,1979,"['Ridley Scott', 'Sigourney Weaver', 'Jerry Goldsmith', 'John Hurt', 'Ian Holm', 'Tom Skerritt', 'Harry Dean Stanton', 'Yaphet Kotto', 'Veronica Cartwright', ""Dan O'Bannon"", 'Ronald Shusett']",https://www.rogerebert.com/reviews/great-movie-alien-1979
180,The Treasure of the Sierra Madre,1948,"['John Huston', 'Humphrey Bogart', 'Jack L. Warner', 'Tim Holt', 'Walter Huston', 'Lauren Bacall', 'George Raft']",https://www.rogerebert.com/reviews/great-movie-the-treasure-of-the-sierra-madre-1948
181,Scarface,1983,"['Tony Montana', 'Al Pacino', 'Robert Loggia', 'Oliver Stone', 'Michelle Pfeiffer', 'Mary Elizabeth Mastrantonio', 'Steven Bauer', 'John A. Alonzo']",https://www.rogerebert.com/reviews/great-movie-scarface-1983
182,The Leopard,1963,"['Luchino Visconti', 'Burt Lancaster', 'Giuseppe Rotunno', 'Alain Delon', 'Claudia Cardinale']",https://www.rogerebert.com/reviews/great-movie-the-leopard-1963
183,Santa Sangre,1989,"['Roger Ebert', 'Alejandro Jodorowsky', 'Blanca Guerra', 'Guy Stockwell', 'Jesus Juarez', 'Sabrina Dennison', 'Thelma Tixou', 'John Lennon', 'Allen Klein', 'Luis Bunuel', 'Axel Jodorowsky']",https://www.rogerebert.com/reviews/great-movie-santa-sangre-1989
184,The Adventures of Robin Hood,1938,"['Hal B. Wallis', 'James Cagney', 'Claude Rains', 'Eugene Pallette', 'George C. Scott', 'Sean Connery', 'Audrey Hepburn', 'Jackie Chan']",https://www.rogerebert.com/reviews/great-movie-the-adventures-of-robin-hood-1938
185,"The Good, the Bad and the Ugly",1968,"['Sergio Leone', 'Clint Eastwood', 'Ennio Morricone', 'John Ford', 'John Wayne', 'Lee Van Cleef', 'Eli Wallach']",https://www.rogerebert.com/reviews/great-movie-the-good-the-bad-and-the-ugly-1968
186,Breathless,1960,"['Jean Seberg', 'Jean Gabin', 'Gerard Depardieu', 'Otto Preminger', 'Francois Truffaut', 'Claude Chabrol', 'Pierre Boulanger', 'Jean-Pierre Melville', 'Laszlo Kovacs', 'Raoul Coutard']",https://www.rogerebert.com/reviews/great-movie-breathless-1960
187,A Year of the Quiet Sun,1984,"['Scott Wilson', 'Maja Komorowska', 'Ewa Dalkowska', 'Vadim Glowna', 'Andrzej Wajda', 'Krzysztof Kieslowski', 'Agnieszka Holland', 'John Ford', 'Andrei Tarkovsky']",https://www.rogerebert.com/reviews/great-movie-a-year-of-the-quiet-sun-1984
188,Moonstruck,1987,"['Nicolas Cage', 'Dean Martin', 'Danny Aiello', 'Olympia Dukakis', 'John Patrick Shanley', 'Vincent Gardenia', 'Julie Bovasso', 'Louis Guss', 'Anita Gillette', 'John Mahoney', 'David Watkin', 'Denzel Washington', 'Doris Day', 'Bruce Willis']",https://www.rogerebert.com/reviews/great-movie-moonstruck-1987
189,Mon Oncle,1958,"['Jacques Tati', 'Jim Carrey', 'Jean-Luc Godard']",https://www.rogerebert.com/reviews/great-movie-mon-oncle-1958
190,Bob le Flambeur,1955,"['John Woo', 'Alain Delon', 'Yves Montand', 'Jean-Paul Belmondo', 'Jean Gabin', 'Paul Thomas Anderson', 'Neil Jordan', 'Steven Soderbergh']",https://www.rogerebert.com/reviews/great-movie-bob-le-flambeur-1955
191,A Sunday in the Country,1984,"['Michel Aumont', 'Genevieve Mnich', 'Sabine Azema', 'Yasujiro Ozu', 'Jean Aurenche', 'Jim Thompson', 'Dexter Gordon', 'Nathalie Baye']",https://www.rogerebert.com/reviews/great-movie-a-sunday-in-the-country-1984
192,Raise the Red Lantern,1990,"['Zhang Yimou', 'Gong Li', 'Jin Shuyuan', 'He Caifei', 'Su Tong', 'Chen Kaige']",https://www.rogerebert.com/reviews/great-movie-raise-the-red-lantern-1990
193,The Birth of a Nation,1915,"['James Agee', 'Lillian Gish']",https://www.rogerebert.com/reviews/great-movie-the-birth-of-a-nation-1915
194,Five Easy Pieces,1970,"['Jack Nicholson', 'John Cassavetes', 'Karen Black', 'Lois Smith', 'Ralph Waite', 'Bob Rafelson', 'Laszlo Kovacs', 'Susan Anspach', 'John P. Ryan', 'Irene Dailey']",https://www.rogerebert.com/reviews/great-movie-five-easy-pieces-1970
195,One Flew Over the Cuckoo's Nest,1975,"['Jack Nicholson', 'Louise Fletcher', 'Milos Forman', 'Lawrence Hauben', 'Bo Goldman', 'Haskell Wexler', 'Richard Chew', 'Michael Douglas', 'Will Sampson', 'Saul Zaentz', 'Andy Kaufman']",https://www.rogerebert.com/reviews/great-movie-one-flew-over-the-cuckoos-nest-1975
196,Solaris,1972,"['Andrei Tarkovsky', 'Krzysztof Zanussi', 'Richard Widmark', 'Orson Welles', 'Stanislaw Lem', 'Steven Soderbergh', 'George Clooney']",https://www.rogerebert.com/reviews/great-movie-solaris-1972
197,The Blue Kite,1993,"['Lu Liping', 'Zhang Yimou', 'Chen Kaige']",https://www.rogerebert.com/reviews/great-movie-the-blue-kite-1993
198,The Thin Man,1934,"['William Powell', 'Fred Astaire', 'Myrna Loy', ""Maureen O'Sullivan"", 'Cesar Romero']",https://www.rogerebert.com/reviews/great-movie-the-thin-man-1934
199,"Paris, Texas",1984,"['Sam Shepard', 'Harry Dean Stanton', 'Dean Stockwell', 'Aurore Clement', 'Nastassja Kinski', 'John Wayne', 'Robert De Niro', 'Ry Cooder', 'Robby Muller', 'Karen Black']",https://www.rogerebert.com/reviews/great-movie-paris-texas-1984
200,GoodFellas,1991,"['Martin Scorsese', 'Ray Liotta', 'Robert De Niro', 'Joe Pesci', 'Lorraine Bracco', 'Michael Ballhaus', 'Nicholas Pileggi', 'Paul Sorvino']",https://www.rogerebert.com/reviews/great-movie-goodfellas-1991
201,The Life and Death of Colonel Blimp,1943,"['Michael Powell', 'Laurence Olivier', 'Anton Walbrook', 'Jack Cardiff', 'Deborah Kerr', 'Wendy Hiller']",https://www.rogerebert.com/reviews/great-movie-the-life-and-death-of-colonel-blimp-1943
202,Don't Look Now,1974,"['Nicolas Roeg', 'Graeme Clifford', 'Donald Sutherland', 'Julie Christie', 'Hilary Mason', 'Anthony B. Richmond']",https://www.rogerebert.com/reviews/great-movie-dont-look-now-1974
203,12 Angry Men,1957,"['Lee J. Cobb', 'Henry Fonda', 'Reginald Rose', 'Sidney Lumet', 'Boris Kaufman', 'Martin Balsam', 'Jack Klugman', 'Jack Warden', 'Ed Begley', 'Robert Webber', 'George Voskovec']",https://www.rogerebert.com/reviews/great-movie-12-angry-men-1957
204,The Wild Bunch,1969,"['William Holden', 'Sam Peckinpah', 'Robert Ryan', 'Ernest Borgnine', 'Warren Oates', 'Ben Johnson', 'Lucien Ballard', 'Lou Lombardo', 'Don Siegel']",https://www.rogerebert.com/reviews/great-movie-the-wild-bunch-1969
205,Kind Hearts and Coronets,1949,"['Alec Guinness', 'Joan Greenwood', 'Valerie Hobson']",https://www.rogerebert.com/reviews/great-movie-kind-hearts-and-coronets-1949
206,Rififi,1954,"['Jules Dassin', 'Jean-Pierre Melville', 'Francois Truffaut', 'Jean Servais', 'Richard Widmark', 'Dalton Trumbo', 'Otto Preminger', 'Melina Mercouri']",https://www.rogerebert.com/reviews/great-movie-rififi-1954
207,Cries and Whispers,1972,"['Ingmar Bergman', 'Liv Ullmann', 'Ingrid Thulin', 'Harriet Andersson', 'Kari Sylwan', 'Sven Nykvist', 'Erland Josephson']",https://www.rogerebert.com/reviews/great-movie-cries-and-whispers-1972
208,The Firemen's Ball,1968,"['Milos Forman', 'Ivan Passer', 'Carlo Ponti', 'Francois Truffaut', 'Vera Chytilova', 'Jiri Menzel', 'Andy Kaufman']",https://www.rogerebert.com/reviews/great-movie-the-firemens-ball-1968
209,Unforgiven,1992,"['Clint Eastwood', 'Sergio Leone', 'Don Siegel', 'Morgan Freeman', 'Gene Hackman', 'John Ford', 'Richard Harris', 'Saul Rubinek', 'Frances Fisher', 'Anna Thomson']",https://www.rogerebert.com/reviews/great-movie-unforgiven-1992
210,Stroszek,1977,"['Werner Herzog', 'Wim Wenders', 'Rainer Werner Fassbinder', 'Errol Morris', 'Eva Mattes']",https://www.rogerebert.com/reviews/great-movie-stroszek-1977
211,The Hustler,1961,"['Paul Newman', 'Piper Laurie', 'George C. Scott', 'Jackie Gleason', 'Walter Tevis', 'Murray Hamilton', 'Dede Allen']",https://www.rogerebert.com/reviews/great-movie-the-hustler-1961
212,In Cold Blood,1967,"['Truman Capote', 'Richard Brooks', 'Paul Newman', 'Steve McQueen', 'Scott Wilson', 'Robert Blake', 'Quincy Jones', 'Humphrey Bogart']",https://www.rogerebert.com/reviews/great-movie-in-cold-blood-1967
213,Rashomon,1950,"['Toshiro Mifune', 'Masayuki Mori', 'Machiko Kyo']",https://www.rogerebert.com/reviews/great-movie-rashomon-1950
214,Annie Hall,1977,"['Woody Allen', 'Diane Keaton', 'Shelley Duvall', 'Carol Kane']",https://www.rogerebert.com/reviews/great-movie-annie-hall-1977
215,JFK,1991,"['Oliver Stone', 'Walter Cronkite', 'Kevin Costner', 'Robert Richardson', 'Joe Hutshing', 'Gary Oldman', 'Jack Lemmon', 'Ed Asner', 'Walter Matthau', 'Kevin Bacon', 'Donald Sutherland', 'Sissy Spacek', 'Michael Rooker']",https://www.rogerebert.com/reviews/great-movie-jfk-1991
216,Umberto D,1952,['De Sica'],https://www.rogerebert.com/reviews/great-movie-umberto-d-1952
217,Amadeus,1984,"['Gore Vidal', 'David Merrick', 'Milos Forman', 'Saul Zaentz', 'Roy Dotrice', 'Jeffrey Jones', 'Elizabeth Berridge']",https://www.rogerebert.com/reviews/great-movie-amadeus-1984
218,The Grapes of Wrath,1940,"['John Ford', 'Henry Fonda', 'Gregg Toland', 'Clark Gable']",https://www.rogerebert.com/reviews/great-movie-the-grapes-of-wrath-1940
219,Patton,1970,"['Francis Ford Coppola', 'George C. Scott', 'Burt Lancaster', 'Rod Steiger', 'Lee Marvin', 'Robert Mitchum', 'John Wayne', 'Karl Malden', 'Russ Meyer']",https://www.rogerebert.com/reviews/great-movie-patton-1970
220,The Right Stuff,1983,"['John Glenn', 'Tom Wolfe', 'Sam Shepard', 'Ed Harris', 'William Goldman', 'Fred Ward', 'Donald Moffat']",https://www.rogerebert.com/reviews/great-movie-the-right-stuff-1983
221,The Fall of the House of Usher,1928,"['Luis Bunuel', 'Abel Gance', 'Vincent Price', 'Jean-Pierre Aumont']",https://www.rogerebert.com/reviews/great-movie-the-fall-of-the-house-of-usher-1928
222,Say Anything,1989,"['Cameron Crowe', 'John Mahoney', 'John Cusack', 'Ione Skye', 'Lili Taylor', 'Patrick Fugit', 'Philip Baker Hall', 'Julia Roberts', 'Annabeth Gish']",https://www.rogerebert.com/reviews/great-movie-say-anything-1989
223,King Kong,1933,"['Merian C. Cooper', 'David O. Selznick', 'Bruce Cabot']",https://www.rogerebert.com/reviews/great-movie-king-kong-1933
224,Laura,1944,"['Otto Preminger', 'Vincent Price', 'McPherson']",https://www.rogerebert.com/reviews/great-movie-laura-1944
225,Children of Paradise,1945,"['Marlene Dietrich', 'Jean-Louis Barrault', 'Pierre Brasseur']",https://www.rogerebert.com/reviews/great-movie-children-of-paradise-1945
226,My Neighbor Totoro,1993,"['Hayao Miyazaki', 'Walt Disney']",https://www.rogerebert.com/reviews/great-movie-my-neighbor-totoro-1993
227,A Tale of Winter,1992,"['Eric Rohmer', 'Barbet Schroeder', 'Marie Riviere']",https://www.rogerebert.com/reviews/great-movie-a-tale-of-winter-1992
228,The Searchers,1956,"['John Wayne', 'Natalie Wood', 'Paul Schrader', 'Nastassja Kinski', 'Ward Bond', 'Jeffrey Hunter']",https://www.rogerebert.com/reviews/great-movie-the-searchers-1956
229,The Earrings of Madame de...,1953,"['Max Ophuls', 'Danielle Darrieux', 'Charles Boyer', 'De Sica']",https://www.rogerebert.com/reviews/great-movie-the-earrings-of-madame-de-1953
230,Bring Me the Head of Alfredo Garcia,1974,"['Sam Peckinpah', 'Warren Oates', 'Emilio Fernandez', 'Gig Young', 'Robert Webber', 'Kris Kristofferson']",https://www.rogerebert.com/reviews/great-movie-bring-me-the-head-of-alfredo-garcia-1974
231,Snow White and the Seven Dwarfs,1937,['Walt Disney'],https://www.rogerebert.com/reviews/great-movie-snow-white-and-the-seven-dwarfs-1937
232,Lawrence of Arabia,1962,"['Omar Sharif', 'Robert Bolt', 'Anthony Quinn']",https://www.rogerebert.com/reviews/great-movie-lawrence-of-arabia-1962
233,The Seven Samurai,1954,"['Toshiro Mifune', 'Orson Welles']",https://www.rogerebert.com/reviews/great-movie-the-seven-samurai-1954
234,Juliet of the Spirits,1965,"['Giulietta Masina', 'Sandra Milo', 'Marcello Mastroianni', 'Sophia Loren']",https://www.rogerebert.com/reviews/great-movie-juliet-of-the-spirits-1965
235,The Apartment,1960,"['Jack Lemmon', 'Jack Kruschen', 'Billy Wilder', 'Shirley MacLaine', 'Fred MacMurray', 'William Holden', 'David Mamet']",https://www.rogerebert.com/reviews/great-movie-the-apartment-1960
236,Hoop Dreams,1994,"['Spike Lee', 'Steve James']",https://www.rogerebert.com/reviews/great-movie-hoop-dreams-1994
237,Schindler's List,1993,"['Roger Ebert', 'Steven Spielberg', 'Claude Lanzmann', 'Liam Neeson', 'Ben Kingsley', 'Ralph Fiennes']",https://www.rogerebert.com/reviews/great-movie-schindlers-list-1993
238,Pulp Fiction,1994,"['Raymond Chandler', 'Elmore Leonard', 'Bruce Willis', 'Maria de Medeiros', 'Ving Rhames', 'Samuel L. Jackson', 'John Travolta', 'Frank Whaley', 'Uma Thurman', 'Eric Stoltz', 'Rosanna Arquette', 'Tim Roth', 'Amanda Plummer', 'Harvey Keitel', 'Howard Hawks', 'Christopher Walken']",https://www.rogerebert.com/reviews/great-movie-pulp-fiction-1994
239,Do the Right Thing,1989,"['Spike Lee', 'Bill Nunn', 'Danny Aiello', 'Giancarlo Esposito', 'Samuel L. Jackson', 'Joie Lee', 'John Turturro', 'Rosie Perez', 'Ossie Davis', 'Ruby Dee']",https://www.rogerebert.com/reviews/great-movie-do-the-right-thing-1989
240,The Maltese Falcon,1941,"['John Huston', 'Peter Lorre', 'Alfred Hitchcock', 'Orson Welles', 'Gregg Toland']",https://www.rogerebert.com/reviews/great-movie-the-maltese-falcon-1941
241,Fargo,1996,"['Frances McDormand', 'William H. Macy', 'Steve Buscemi', 'Peter Stormare', 'John Carroll Lynch', 'Joel Coen', 'Ethan Coen', 'Harve Presnell', 'Steve Park', 'Gary Houston', 'The Coens']",https://www.rogerebert.com/reviews/great-movie-fargo-1996
242,My Life to Live,1963,"['Jean-Luc Godard', 'Jean-Paul Belmondo', 'Anna Karina', 'Michel Legrand', 'Raoul Coutard']",https://www.rogerebert.com/reviews/great-movie-vivre-sa-vie--my-life-to-live-1963
243,Manhattan,1979,"['Woody Allen', 'Mariel Hemingway', 'Meryl Streep', 'Michael Murphy', 'Diane Keaton', 'Gordon Willis']",https://www.rogerebert.com/reviews/great-movie-manhattan-1979
244,The Apu Trilogy,1959,"['Satyajit Ray', 'Ravi Shankar', 'Subrata Mitra']",https://www.rogerebert.com/reviews/great-movie-the-apu-trilogy-1959
245,The Silence of the Lambs,1991,"['Jodie Foster', 'Anthony Hopkins', 'Ted Levine']",https://www.rogerebert.com/reviews/great-movie-the-silence-of-the-lambs-1991
246,The Conversation,1974,"['Francis Ford Coppola', 'Gene Hackman', 'Cindy Williams', 'Frederic Forrest', 'John Cazale', 'Robert Duvall', 'Harrison Ford', 'Michelangelo Antonioni', 'Teri Garr', 'Allen Garfield', 'Walter Murch', 'Haskell Wexler', 'Bill Butler']",https://www.rogerebert.com/reviews/great-movie-the-conversation-1974
247,This is Spinal Tap,1984,"['Rob Reiner', 'McKean', 'Harry Shearer', 'Christopher Guest', 'Tony Hendra', 'Fran Drescher', 'Fred Willard', 'Anjelica Huston']",https://www.rogerebert.com/reviews/great-movie-this-is-spinal-tap-1984
248,Persona,1966,"['John Hardy', 'Liv Ullmann', 'Bibi Andersson', 'Gunnar Bjornstrand']",https://www.rogerebert.com/reviews/great-movie-persona-1966
249,A Christmas Story,1983,"['Peter Billingsley', 'Darren McGavin', 'Melinda Dillon']",https://www.rogerebert.com/reviews/great-movie-a-christmas-story-1983
250,The Bank Dick,1940,['David Copperfield'],https://www.rogerebert.com/reviews/great-movie-the-bank-dick-1940
251,Beat the Devil,1954,"['Humphrey Bogart', 'John Huston', 'Gina Lollobrigida', 'Truman Capote', 'Robert Morley', 'Peter Lorre', 'David O. Selznick', 'George Moore', 'Rita Hayworth']",https://www.rogerebert.com/reviews/great-movie-beat-the-devil-1954
252,"Planes, Trains and Automobiles",1987,"['Steve Martin', 'John Candy', 'John Hughes', 'Jack Nicholson']",https://www.rogerebert.com/reviews/great-movie-planes-trains-and-automobiles-1987
253,Network,1976,"['Peter Finch', 'Faye Dunaway', 'William Holden', 'Leonard Maltin', 'Sidney Lumet', 'Beatrice Straight', 'Jerry Springer', 'Howard Stern', 'Ned Beatty', 'Robert Duvall', 'Wesley Addy', 'Tim Robbins']",https://www.rogerebert.com/reviews/great-movie-network-1976
254,L'Atalante,1934,"['Francois Truffaut', 'Boris Kaufman']",https://www.rogerebert.com/reviews/great-movie-latalante-1934
255,Ran,1985,"['Serge Silberman', 'Luis Bunuel', 'Tatsuya Nakadai', 'Clint Eastwood']",https://www.rogerebert.com/reviews/great-movie-ran-1985
256,Romeo and Juliet,1968,"['Anne Hathaway', 'Leslie Howard', 'Olivia Hussey', 'Leonard Whiting', 'William Shakespeare', 'Nino Rota', 'Anthony Burgess', 'Mel Gibson', ""Milo O'Shea"", 'John McEnery']",https://www.rogerebert.com/reviews/great-movie-romeo-and-juliet-1968
257,Shane,1953,"['Jack Palance', 'Ben Johnson']",https://www.rogerebert.com/reviews/great-movie-shane-1953
258,Jaws,1975,"['Richard Zanuck', 'David Brown', 'Alfred Hitchcock', 'Murray Hamilton', 'Roy Scheider', 'Robert Shaw', 'Richard Dreyfuss', 'Carl Gottlieb', 'John Williams', 'Bill Butler']",https://www.rogerebert.com/reviews/great-movie-jaws-1975
259,Nashville,1975,"['Robert Altman', 'Elliott Gould', 'Henry Gibson', 'K. Smith', 'Michael Murphy', 'Ned Beatty', 'Ronee Blakley', 'Keith Carradine', 'Tommy Thompson', 'Jesse Ventura', 'Karen Black', 'Gwen Welles', 'Geraldine Chaplin', 'Barbara Baxley']",https://www.rogerebert.com/reviews/great-movie-nashville-1975
260,The Producers,1968,"['Zero Mostel', 'Gene Wilder', 'Kenneth Mars', 'Mel Brooks', 'Christopher Hewett', 'Dick Shawn', 'Burt Reynolds', 'Carl Reiner', 'Neil Simon', 'Anne Bancroft']",https://www.rogerebert.com/reviews/great-movie-the-producers-1968
261,Duck Soup,1933,"['Andy Kaufman', 'Howard Stern', 'John Malkovich']",https://www.rogerebert.com/reviews/great-movie-duck-soup-1933
262,The Discreet Charm of the Bourgeoisie,1972,"['Luis Bunuel', 'Fernando Rey', 'Stephane Audran', 'Bulle Ogier', 'Julien Bertheau', 'Serge Silberman', 'Jean-Claude Carriere', 'Jeanne Moreau', 'Catherine Deneuve']",https://www.rogerebert.com/reviews/great-movie-the-discreet-charm-of-the-bourgeoisie-1972
263,All About Eve,1950,"['Bette Davis', 'Billy Wilder', 'Joseph Mankiewicz', 'George Sanders', 'Thelma Ritter']",https://www.rogerebert.com/reviews/great-movie-all-about-eve-1950
264,8 1/2,1963,"['Federico Fellini', 'Marcello Mastroianni', 'Anouk Aimee', 'Sandra Milo', 'Claudia Cardinale', 'Nino Rota']",https://www.rogerebert.com/reviews/great-movie-8-12--eight-and-a-half-1963
265,Orpheus,1949,"['Jean Marais', 'Francois Perier', 'Juliette Greco', 'Marlene Dietrich']",https://www.rogerebert.com/reviews/great-movie-orpheus-1949
266,Raiders of the Lost Ark,1981,"['Lawrence Kasdan', 'Philip Kaufman', 'George Lucas', 'Harrison Ford', 'Paul Freeman']",https://www.rogerebert.com/reviews/great-movie-raiders-of-the-lost-ark-1981
267,Un Chien Andalou,1928,"['Luis Bunuel', 'Alfred Hitchcock', 'Federico Fellini', 'David Lynch', 'John Cassavetes', 'Abel Gance']",https://www.rogerebert.com/reviews/great-movie-un-chien-andalou-1928
268,The Seventh Seal,1957,['Ingmar Bergman'],https://www.rogerebert.com/reviews/great-movie-the-seventh-seal-1957
269,The Decalogue,1988,"['Krzysztof Kieslowski', 'Krzysztof Piesiewicz', 'Wim Wenders', 'Stanley Kubrick', 'Krystyna Janda']",https://www.rogerebert.com/reviews/great-movie-the-decalogue-1988
270,Grave of the Fireflies,1988,"['Yasujiro Ozu', 'Isao Takahata', 'Hayao Miyazaki']",https://www.rogerebert.com/reviews/great-movie-grave-of-the-fireflies-1988
271,The Last Laugh,1924,"['Emil Jannings', 'John Huston', 'Humphrey Bogart', 'Abel Gance']",https://www.rogerebert.com/reviews/great-movie-the-last-laugh-1924
272,Rear Window,1954,"['James Stewart', 'Thelma Ritter', 'Raymond Burr', 'Kim Novak', 'Eva Marie Saint', 'Grace Kelly', 'Tippi Hedren', 'Tom Hanks']",https://www.rogerebert.com/reviews/great-movie-rear-window-1954
273,Chinatown,1974,"['Roman Polanski', 'Raymond Chandler', 'Humphrey Bogart', 'Jack Nicholson', 'Robert Towne', 'John Huston', 'Faye Dunaway', 'John A. Alonzo', 'Sharon Tate', 'Robert Evans']",https://www.rogerebert.com/reviews/great-movie-chinatown-1974
274,Broken Blossoms,1919,"['Lillian Gish', 'Anthony Quinn', 'Giulietta Masina', 'Bette Davis', 'Lindsay Anderson']",https://www.rogerebert.com/reviews/great-movie-broken-blossoms-1919
275,Some Like It Hot,1959,"['Roger Ebert', 'Marilyn Monroe', 'Tony Curtis', 'Jack Lemmon', 'Frank Sinatra', 'George Raft', 'Cary Grant']",https://www.rogerebert.com/reviews/great-movie-some-like-it-hot-1959
276,Tokyo Story,1953,"['Roger Ebert', 'Yasujiro Ozu', 'Chishu Ryu', 'Chiyeko Higashiyama', 'Kyoko Kagawa', 'Shiro Osaka', 'So Yamamura', 'Haruko Sugimura', 'Setsuko Hara']",https://www.rogerebert.com/reviews/great-movie-tokyo-story-1953
277,Beauty and the Beast,1946,"['Spike Lee', 'Jean Marais', 'Marlene Dietrich', 'Rene Clement']",https://www.rogerebert.com/reviews/great-movie-beauty-and-the-beast-1946
278,Greed,1925,[],https://www.rogerebert.com/reviews/great-movie-greed-1925
279,Apocalypse Now,1979,"['Marlon Brando', 'Martin Sheen', 'Dennis Hopper', 'Robert Duvall', 'Laurence Fishburne', 'Albert Hall', 'Vittorio Storaro', 'Sam Bottoms', 'Francois Truffaut', 'Fax Bahr', 'George Hickenlooper']",https://www.rogerebert.com/reviews/great-movie-apocalypse-now-1979
280,McCabe and Mrs. Miller,1971,"['Robert Altman', 'McCabe', 'Warren Beatty', 'Julie Christie', 'Shelley Duvall', 'Vilmos Zsigmond', 'Keith Carradine']",https://www.rogerebert.com/reviews/great-movie-mccabe-and-mrs-miller-1971
281,House of Games,1987,"['Joe Mantegna', 'Lindsay Crouse', 'Steve Martin', 'Campbell Scott', 'Ricky Jay']",https://www.rogerebert.com/reviews/great-movie-house-of-games-1987
282,The Shawshank Redemption,1994,"['Tim Robbins', 'Morgan Freeman', 'Rita Hayworth', 'James Whitmore', 'Frank Darabont', 'Stephen King']",https://www.rogerebert.com/reviews/great-movie-the-shawshank-redemption-1994
283,Grand Illusion,1937,"['Jean Gabin', 'Marcel Dalio']",https://www.rogerebert.com/reviews/great-movie-grand-illusion-1937
284,Dracula,1931,"['Werner Herzog', 'Klaus Kinski', 'Bram Stoker', 'Francis Ford Coppola', 'Max Schreck', 'Christopher Lee', 'Dwight Frye', 'Philip Glass']",https://www.rogerebert.com/reviews/great-movie-dracula-1931
285,Yellow Submarine,1968,"['Erich Segal', 'John Lennon']",https://www.rogerebert.com/reviews/great-movie-yellow-submarine-1968
286,Great Expectations,1946,"['Charles Dickens', 'Jean Simmons', 'Bernard Miles', 'Alec Guinness', 'Valerie Hobson', 'John Mills', 'Trevor Howard', 'Michael Powell', 'Lindsay Anderson', 'Alan Parker', 'Robert Mitchum', 'Ethan Hawke', 'Gwyneth Paltrow', 'Anne Bancroft']",https://www.rogerebert.com/reviews/great-movie-great-expectations-1946
287,The 400 Blows,1959,"['Francois Truffaut', 'Jean-Pierre Leaud', 'Claire Maurier', 'Henry James']",https://www.rogerebert.com/reviews/great-movie-the-400-blows-1959
288,Belle de Jour,1967,"['Catherine Deneuve', 'Jean Sorel', 'Michel Piccoli', 'Genevieve Page', 'Pierre Clementi', 'Woody Allen']",https://www.rogerebert.com/reviews/great-movie-belle-de-jour-1967
289,Dr. Strangelove,1964,"['Stanley Kubrick', 'George C. Scott', 'Peter Sellers', 'Sterling Hayden', 'Billy Wilder', 'Jack Lemmon', 'Jerry Lewis', 'Jim Carrey', 'Terry Southern', 'Slim Pickens']",https://www.rogerebert.com/reviews/great-movie-dr-strangelove-1964
290,Star Wars,1977,"['George Lucas', 'Carrie Fisher', 'Mark Hamill', 'Alec Guinness', 'Harrison Ford', 'David Copperfield']",https://www.rogerebert.com/reviews/great-movie-star-wars-episode-iv-a-new-hope-1977
291,Sunset Boulevard,1950,"['William Holden', 'Susan Sarandon', 'Catherine Deneuve', 'Buster Keaton']",https://www.rogerebert.com/reviews/great-movie-sunset-boulevard-1950
292,My Dinner with Andre,1981,"['Wallace Shawn', 'Andre Gregory', 'Ingmar Bergman', 'Woody Allen', 'Louis Malle', 'Charlton Heston']",https://www.rogerebert.com/reviews/great-movie-my-dinner-with-andre-1981
293,Last Year at Marienbad,1961,"['Delphine Seyrig', 'Sacha Vierny']",https://www.rogerebert.com/reviews/great-movie-last-year-at-marienbad-1961
294,Peeping Tom,1960,"['Michael Powell', 'Martin Scorsese', 'Deborah Kerr', 'David Niven', 'Mark Lewis', 'Anna Massey', 'Laurence Harvey', 'Maxine Audley', 'Thelma Schoonmaker']",https://www.rogerebert.com/reviews/great-movie-peeping-tom-1960
295,The Bridge on the River Kwai,1957,"['David Lean', 'Alec Guinness', 'William Holden', 'James Donald', 'Charles Laughton', 'Elsa Lanchester', 'Jack Hawkins']",https://www.rogerebert.com/reviews/great-movie-the-bridge-on-the-river-kwai-1957
296,"Aguirre, the Wrath of God",1972,"['Werner Herzog', 'Klaus Kinski', 'Oliver Stone']",https://www.rogerebert.com/reviews/great-movie-aguirre-the-wrath-of-god-1972
297,On the Waterfront,1954,"['Marlon Brando', 'Elia Kazan', 'Eva Marie Saint', 'Rod Steiger', 'Robert De Niro', 'Sam Spiegel', 'Frank Sinatra', 'Lee J. Cobb', 'Karl Malden', 'Boris Kaufman']",https://www.rogerebert.com/reviews/great-movie-on-the-waterfront-1954
298,The Bicycle Thief,1949,"['De Sica', 'Cesare Zavattini', 'Lianella Carell', 'Rita Hayworth', 'Enzo Staiola', 'Sophia Loren']",https://www.rogerebert.com/reviews/great-movie-the-bicycle-thief--bicycle-thieves-1949
299,Saturday Night Fever,1977,"['John Travolta', 'Al Pacino', 'Donna Pescow', 'Karen Lynn Gorney', 'Barry Miller']",https://www.rogerebert.com/reviews/great-movie-saturday-night-fever-1977
300,Singin' in the Rain,1952,"['Gene Kelly', ""O'Connor"", 'Peter Wollen', 'Stanley Donen', 'Arthur Freed', 'Adolph Green', 'Jean Hagen', 'Fred Astaire', 'Cyd Charisse']",https://www.rogerebert.com/reviews/great-movie-singin-in-the-rain-1952
301,Goldfinger,1964,"['David Niven', 'Harry Saltzman', 'Harold Sakata', 'Honor Blackman', 'Ursula Andress', 'Gert Frobe', 'Sean Connery', 'Roger Moore', 'Timothy Dalton', 'Pierce Brosnan']",https://www.rogerebert.com/reviews/great-movie-goldfinger-1964
302,The Music Room,1958,"['Satyajit Ray', 'Chhabi Biswas', 'Subrata Mitra']",https://www.rogerebert.com/reviews/great-movie-the-music-room-1958
303,Bride of Frankenstein,tein,"['James Whale', 'Ernest Thesiger', 'Elsa Lanchester', 'Boris Karloff', 'Colin Clive', ""Una O'Connor"", 'Christopher Lee', 'Peter Cushing', 'Ian McKellen', 'Brendan Fraser']",https://www.rogerebert.com/reviews/great-movie-bride-of-frankenstein
304,It's a Wonderful Life,1946,"['Frank Capra', 'James Stewart', 'Lionel Barrymore', 'Donna Reed', 'Henry Travers']",https://www.rogerebert.com/reviews/great-movie-its-a-wonderful-life-1946
305,Double Indemnity,1944,"['Billy Wilder', 'Fred MacMurray', 'Barbara Stanwyck', 'Raymond Chandler', 'Edward G. Robinson', 'Ben Hecht', 'John Seitz']",https://www.rogerebert.com/reviews/great-movie-double-indemnity-1944
306,Psycho,1960,"['Alfred Hitchcock', 'Francois Truffaut', 'Janet Leigh', 'William Castle', 'Anthony Perkins', 'John Gavin', 'Gus ', 'Van Sant', 'Vera Miles', 'Martin Balsam', 'Simon Oakland']",https://www.rogerebert.com/reviews/great-movie-psycho-1960
307,Pinocchio,1940,['Walt Disney'],https://www.rogerebert.com/reviews/great-movie-pinocchio-1940
308,Blow-Up,1966,"['David Hemmings', 'Sarah Miles', 'Vanessa Redgrave']",https://www.rogerebert.com/reviews/great-movie-blow-up-1966
309,The Up Documentaries,1985,"['Michael Apted', 'Wim Wenders']",https://www.rogerebert.com/reviews/great-movie-the-up-documentaries-1985
310,Trouble in Paradise,1932,"['Samson Raphaelson', 'Fredric March', 'James Stewart']",https://www.rogerebert.com/reviews/great-movie-trouble-in-paradise-1932
311,Touch of Evil,1958,"['Marlene Dietrich', 'Orson Welles', 'Peter Bogdanovich', 'Russell Metty', 'Walter Murch', 'Charlton Heston', 'Janet Leigh', 'Mercedes McCambridge', 'Dennis Weaver', 'Anthony Perkins']",https://www.rogerebert.com/reviews/great-movie-touch-of-evil-1958
312,Nights of Cabiria,1957,"['Lucille Ball', 'Pier Paolo Pasolini', 'Marcello Mastroianni', 'Francois Perier']",https://www.rogerebert.com/reviews/great-movie-nights-of-cabiria-1957
313,Bonnie and Clyde,1967,"['Faye Dunaway', 'David Newman', 'Warren Beatty', 'Estelle Parsons', 'Burnett Guffey', 'Arthur Penn', 'Gene Hackman', 'Michael J. Pollard', 'Gene Wilder', 'Dede Allen', 'Robert Benton']",https://www.rogerebert.com/reviews/great-movie-bonnie-and-clyde-1967
314,Picnic at Hanging Rock,1975,"['Peter Weir', 'Joan Leslie', 'David Lean', 'Rachel Roberts']",https://www.rogerebert.com/reviews/great-movie-picnic-at-hanging-rock-1975
315,The Battleship Potemkin,1925,[],https://www.rogerebert.com/reviews/great-movie-the-battleship-potemkin-1925
316,Yankee Doodle Dandy,1942,"['James Cagney', 'Edward G. Robinson', 'Humphrey Bogart', 'Fred Astaire', 'Walter Huston', 'Rosemary De Camp', 'Jeanne Cagney', 'Joan Leslie', 'James Wong', 'Irene Manning', 'Michael Jordan']",https://www.rogerebert.com/reviews/great-movie-yankee-doodle-dandy-1942
317,Gone With the Wind,1939,"[""Scarlett O'Hara"", 'Margaret Mitchell', 'Vivien Leigh', 'Hattie McDaniel', 'Butterfly McQueen', 'George Cukor', 'Victor Fleming', 'Sam Wood', 'David O. Selznick', 'Steven Spielberg']",https://www.rogerebert.com/reviews/great-movie-gone-with-the-wind-1939
318,Detour,1945,"['Ann Savage', 'Tom Neal', 'Edgar G. Ulmer']",https://www.rogerebert.com/reviews/great-movie-detour-1945
319,Citizen Kane,1941,"['Orson Welles', 'Gregg Toland', 'Joseph Cotten']",https://www.rogerebert.com/reviews/great-movie-citizen-kane-1941
320,Raging Bull,1980,"['Robert De Niro', 'Cathy Moriarty', 'Paul Schrader', 'Mardik Martin', 'Thelma Schoonmaker', 'Joe Pesci']",https://www.rogerebert.com/reviews/great-movie-raging-bull-1980
321,Pandora's Box,1928,"['Shirley MacLaine', 'Charles Chaplin', 'John Wayne', 'Demi Moore', 'Winona Ryder']",https://www.rogerebert.com/reviews/great-movie-pandoras-box-1928
322,Wings of Desire,1988,"['Wim Wenders', 'Bruno Ganz', 'Peter Falk', 'Nicolas Cage', 'Meg Ryan', 'Harry Dean Stanton', 'Solveig Dommartin']",https://www.rogerebert.com/reviews/great-movie-wings-of-desire-1988
323,Red River,1948,"['Peter Bogdanovich', 'John Wayne', 'Montgomery Clift', 'Walter Brennan', 'Coleen Gray', 'Borden Chase', 'John Ireland', 'John Ford']",https://www.rogerebert.com/reviews/great-movie-red-river-1948
324,Swing Time,1936,"['Fred Astaire', 'Ginger Rogers', 'Gregory Nava', 'Rita Hayworth', 'George Stevens']",https://www.rogerebert.com/reviews/great-movie-swing-time-1936
325,Woman in the Dunes,1964,"['Hiroshi Teshigahara', 'Toru Takemitsu', 'Kobo Abe']",https://www.rogerebert.com/reviews/great-movie-woman-in-the-dunes-1964
326,Written on the Wind,1956,"['Douglas Sirk', 'Rock Hudson', 'Robert Keith', 'Robert Stack', 'Lauren Bacall', 'William Inge', 'Tennessee Williams', 'Pedro Almodovar']",https://www.rogerebert.com/reviews/great-movie-written-on-the-wind-1956
327,Day for Night,1973,"['Francois Truffaut', 'Jean-Pierre Leaud', 'Valentina Cortese', 'Jacqueline Bisset', 'Jean-Pierre Aumont', 'Jean Champion', 'Jeanne Moreau']",https://www.rogerebert.com/reviews/great-movie-day-for-night-1973
328,City Lights,1931,"['Virginia Cherrill', 'Charlie Chaplin']",https://www.rogerebert.com/reviews/great-movie-city-lights-1931
329,Days of Heaven,1978,"['Richard Gere', 'Brooke Adams', 'Linda Manz', 'Sam Shepard', 'Ennio Morricone', 'Sissy Spacek', 'Martin Sheen', 'Sean Penn', 'Tim Robbins', 'Julia Roberts', 'Nestor Almendros', 'Haskell Wexler']",https://www.rogerebert.com/reviews/great-movie-days-of-heaven-1978
330,The Lady Eve,1941,"['Preston Sturges', 'Barbara Stanwyck', 'William Demarest', 'Charles Coburn']",https://www.rogerebert.com/reviews/great-movie-the-lady-eve-1941
331,Gates of Heaven,1978,"['Ned Burgess', 'William Faulkner', 'Mark Twain']",https://www.rogerebert.com/reviews/great-movie-gates-of-heaven-1978
332,My Darling Clementine,1946,"['Henry Fonda', 'Walter Brennan', 'Victor Mature', 'Linda Darnell', 'Alan Mowbray', 'John Wayne']",https://www.rogerebert.com/reviews/great-movie-my-darling-clementine-1946
333,The Sweet Smell of Success,1957,"['Burt Lancaster', 'Tony Curtis', 'Susan Harrison', 'Martin Milner', 'James Wong', 'Clifford Odets', 'Ernest Lehman', 'Alexander Mackendrick']",https://www.rogerebert.com/reviews/great-movie-the-sweet-smell-of-success-1957
334,Nosferatu,1922,"['Max Schreck', 'Christopher Lee', 'Frank Langella', 'Gary Oldman', 'Bram Stoker', 'Klaus Kinski', 'Alexander Granach', 'Emil Jannings', 'Janet Gaynor']",https://www.rogerebert.com/reviews/great-movie-nosferatu-1922
335,Notorious,1946,"['Ingrid Bergman', 'Ben Hecht']",https://www.rogerebert.com/reviews/great-movie-notorious-1946
336,M,1931,"['Fritz Lang', 'Peter Lorre', 'Fred Astaire', 'Lee Marvin', 'Peter Bogdanovich', 'John Ford']",https://www.rogerebert.com/reviews/great-movie-m-1931
337,Body Heat,1981,"['Robert Mitchum', 'Kathleen Turner', 'William Hurt', 'Barbara Stanwyck', 'Lauren Bacall', 'George Lucas', 'Mickey Rourke', 'Richard Crenna', 'Ted Danson']",https://www.rogerebert.com/reviews/great-movie-body-heat-1981
338,Pickpocket,1959,"['Martin Lassalle', 'Marika Green', 'Pierre Leymarie', 'Jean Pelegri']",https://www.rogerebert.com/reviews/great-movie-pickpocket-1959
339,The Big Sleep,1946,"['Howard Hawks', 'Raymond Chandler', 'Lauren Bacall', 'Martha Vickers', 'Humphrey Bogart', 'Charles Waldron', 'Charles Boyer', 'William Faulkner', 'Jules Furthman', 'Leigh Brackett', 'Dorothy Malone']",https://www.rogerebert.com/reviews/great-movie-the-big-sleep-1946
340,Le Samourai,1967,"['Jean-Pierre Melville', 'Alain Delon', 'Nathalie Delon', 'Caty Rosier', 'Francois Perier']",https://www.rogerebert.com/reviews/great-movie-le-samourai-1967
341,The General,1927,"['Buster Keaton', 'Charlie Chaplin', 'Marion Mack']",https://www.rogerebert.com/reviews/great-movie-the-general-1927
342,Being There,1979,"['Peter Sellers', 'Jerzy Kosinski', 'Melvyn Douglas', 'Shirley MacLaine', 'Richard Dysart', 'Jack Warden', 'Mel Brooks', 'Hal Ashby']",https://www.rogerebert.com/reviews/great-movie-being-there-1979
343,The Exterminating Angel,1962,['Catherine Deneuve'],https://www.rogerebert.com/reviews/great-movie-the-exterminating-angel-1962
344,Ali: Fear Eats the Soul,1974,"['Brigitte Mira', 'Rainer Werner Fassbinder', 'Douglas Sirk', 'Rock Hudson']",https://www.rogerebert.com/reviews/great-movie-ali-fear-eats-the-soul-1974
345,Walkabout,1971,"['Nicolas Roeg', 'David Gulpilil', 'Mick Jagger', 'Theresa Russell']",https://www.rogerebert.com/reviews/great-movie-walkabout-1971
346,Floating Weeds,1959,"['Roger Ebert', 'Yasujiro Ozu', 'Machiko Kyo', 'Haruko Sugimura', 'Kazuo Miyagawa', 'Chishu Ryu']",https://www.rogerebert.com/reviews/great-movie-floating-weeds-1959
347,2001: A Space Odyssey,1968,"['Stanley Kubrick', 'Alex North', 'Arthur C. Clarke', 'Douglas Trumbull', 'Rock Hudson', 'William Sylvester', 'Keir Dullea']",https://www.rogerebert.com/reviews/great-movie-2001-a-space-odyssey-1968
348,The Godfather,1972,"['Mario Puzo', 'Francis Ford Coppola', 'Marlon Brando', 'Al Pacino', 'James Caan', 'Talia Shire', 'Diane Keaton', 'Robert Duvall', 'Gordon Willis', 'Abe Vigoda', 'Nino Rota']",https://www.rogerebert.com/reviews/great-movie-the-godfather-1972
349,The Passion of Joan of Arc,1928,"['Renee Maria Falconetti', 'Carl Theodor Dreyer', 'Robert Bresson']",https://www.rogerebert.com/reviews/great-movie-the-passion-of-joan-of-arc-1928
350,L'Avventura,1960,"['Gabriele Ferzetti', 'Monica Vitti', 'Dorothy De Poliolo']",https://www.rogerebert.com/reviews/great-movie-lavventura-1960
351,La Dolce Vita,1960,"['Marcello Mastroianni', 'Magali Noel', 'Anouk Aimee', 'Alain Cuny', 'Anita Ekberg', 'Annibale Ninchi', 'Nino Rota', 'Lex Barker']",https://www.rogerebert.com/reviews/great-movie-la-dolce-vita-1960
352,The Wizard of Oz,1939,"['George Cukor', 'Judy Garland', 'Victor Fleming', 'Jack Haley', 'Margaret Hamilton', 'Terry McMillan', 'Ethel Merman', 'Ray Bolger', 'Bert Lahr', 'Frank Morgan']",https://www.rogerebert.com/reviews/great-movie-the-wizard-of-oz-1939
353,The Third Man,1949,"['Roger Ebert', 'Carol Reed', 'Anton Karas', 'Trevor Howard', 'Alida Valli', 'Graham Greene', 'David O. Selznick', 'Noel Coward', 'Robert Krasker', 'Bernard Lee', 'Wilfrid Hyde-White', 'Orson Welles', 'Joseph Cotten']",https://www.rogerebert.com/reviews/great-movie-the-third-man-1949
354,The Night of the Hunter,1955,"['Robert Mitchum', 'Bruce Springsteen', 'Peter Graves', 'Willa Harper', 'Shelley Winters', 'Billy Chapin', 'Sally Jane Bruce', 'Lillian Gish', 'Stanley Cortez', 'Davis Grubb', 'James Agee', 'Elsa Lanchester', 'Paul Gregory', 'Marlene Dietrich']",https://www.rogerebert.com/reviews/great-movie-the-night-of-the-hunter-1955
355,Mr. Hulot's Holiday,1953,"['Jacques Tati', 'Nathalie Pascaud']",https://www.rogerebert.com/reviews/great-movie-mr-hulots-holiday-1953
356,A Hard Day's Night,1964,"['Richard Lester', 'Norman Rossington', 'Peter Sellers']",https://www.rogerebert.com/reviews/great-movie-a-hard-days-night-1964
357,Vertigo,1958,"['James Stewart', 'Kim Novak', 'Alfred Hitchcock']",https://www.rogerebert.com/reviews/great-movie-vertigo-1958
358,Ikiru,1952,['Takashi Shimura'],https://www.rogerebert.com/reviews/great-movie-ikiru-1952
359,Casablanca,1942,"['Humphrey Bogart', 'Ingrid Bergman', 'Claude Rains', 'Peter Lorre', 'Howard Koch', 'Robert Redford', 'Lena Olin']",https://www.rogerebert.com/reviews/great-movie-casablanca-1942
360,E.T. The Extra-Terrestrial,1982,"['Henry Thomas', 'Dee Wallace', 'Steven Spielberg']",https://www.rogerebert.com/reviews/great-movie-et-the-extra-terrestrial-1982
361,A Woman Under the Influence,1974,"['John Cassavetes', 'Gena Rowlands', 'Peter Falk', 'Lady Rowlands', 'Katherine Cassavetes', 'Seymour Cassel', 'John Marley', 'Ben Gazzara']",https://www.rogerebert.com/reviews/great-movie-a-woman-under-the-influence-1974
